{"0": {"training_loss": 0.38542739626986894, "training_acc": 0.8189200758934021, "validation_loss": 0.3858668612832511, "validation_acc": 0.7828602194786072}, "1": {"training_loss": 0.26225139779861345, "training_acc": 0.8885751962661743, "validation_loss": 0.3146354973025228, "validation_acc": 0.8591575026512146}, "2": {"training_loss": 0.19282920836465464, "training_acc": 0.9213796854019165, "validation_loss": 0.35786149281852825, "validation_acc": 0.8510215282440186}, "3": {"training_loss": 0.12965070601396037, "training_acc": 0.9502838253974915, "validation_loss": 0.3771702307103836, "validation_acc": 0.863135039806366}, "4": {"training_loss": 0.08164380747044717, "training_acc": 0.9714452028274536, "validation_loss": 0.4686404926622567, "validation_acc": 0.8506599068641663}}